,model,RMSE,MAE,MAPE,DA,parameters
0,Naive,0.03117655766379405,0.021121649036580144,0.021895322211509735,0.42818791946308726,
1,Linear Regression,0.041872941847162046,0.02821149100167847,0.02898474687079723,0.4348993288590604,
2,SVM,0.10097893688355537,0.09049497225580772,0.0742376685720894,0.4463087248322148,"{'C': 1, 'kernel': 'linear'}"
3,MLP,0.05478458056229922,0.03943057402975634,0.037512624336894396,0.4389261744966443,"{'activation': 'tanh', 'hidden_layer_sizes': (500,), 'learning_rate': 'invscaling', 'learning_rate_init': 0.001}"
4,LSTM,0.04678647617588546,0.03370199737459426,0.030693163972680855,0.4268456375838926,
