,model,RMSE,MAE,MAPE,DA,parameters
0,Naive,0.03504898102137269,0.02377061174798321,0.023679130718431075,0.3409395973154362,
1,Linear Regression,0.052348018110821466,0.03457429620241914,0.035123729962273996,0.3409395973154362,
2,SVM,0.18371494107301553,0.16707682178124686,0.12097906723638326,0.35906040268456374,"{'C': 1, 'kernel': 'linear'}"
3,MLP,0.11942959492680735,0.09833876257468933,0.07147628047884301,0.36778523489932885,"{'activation': 'tanh', 'hidden_layer_sizes': (500,), 'learning_rate': 'adaptive', 'learning_rate_init': 0.001}"
4,LSTM,0.710604682163398,0.4623202841968759,0.26389212133323914,0.3610738255033557,
