,model,RMSE,MAE,MAPE,DA,parameters
0,Naive,0.042727661477007156,0.03154100746260417,0.020061401330950912,0.4395973154362416,
1,Linear Regression,0.04511371951754733,0.03366617444943333,0.02147513635408773,0.4429530201342282,
2,SVM,0.1839757769313633,0.16194771129613228,0.08888682971950802,0.45838926174496647,"{'C': 1, 'kernel': 'linear'}"
3,MLP,0.6435704342700951,0.5558684284786757,0.28259139985116155,0.4557046979865772,"{'activation': 'tanh', 'hidden_layer_sizes': (1000,), 'learning_rate': 'invscaling', 'learning_rate_init': 0.01}"
4,LSTM,0.1298059266558113,0.08407938735958652,0.04632287943559069,0.4442953020134228,
