,model,RMSE,MAE,MAPE,DA,parameters
0,Naive,0.013798947114083636,0.010460227835337968,0.03760500265880942,0.5114093959731544,
1,Linear Regression,0.013941653663764885,0.01061907590624817,0.03773175395357578,0.5114093959731544,
2,SVM,0.03097676783983676,0.02587782637145162,0.08257740698436555,0.5093959731543625,"{'C': 1, 'kernel': 'linear'}"
3,MLP,0.015883928877749386,0.012188258821066512,0.04419740193388658,0.5228187919463088,"{'activation': 'tanh', 'hidden_layer_sizes': (100, 100, 100), 'learning_rate': 'invscaling', 'learning_rate_init': 0.001}"
4,LSTM,0.014335257986820086,0.010936488167919567,0.03859124179008829,0.5100671140939598,
