,model,RMSE,MAE,MAPE,DA,parameters
0,Naive,0.03333957616090485,0.02258513666886342,0.023103285158930065,0.425503355704698,
1,Linear Regression,0.03537737980176196,0.023799700337369275,0.024520133060816043,0.4268456375838926,
2,SVM,0.10364164224708226,0.0950455863498925,0.0784105386659549,0.4469798657718121,"{'C': 1, 'kernel': 'linear'}"
3,MLP,0.0471433851485491,0.03927361288659276,0.03399718508036596,0.44161073825503355,"{'activation': 'tanh', 'hidden_layer_sizes': (1000,), 'learning_rate': 'invscaling', 'learning_rate_init': 0.001}"
4,LSTM,0.05049134738319543,0.04008646012935801,0.03518435002055577,0.43154362416107384,
