,model,RMSE,MAE,MAPE,DA,parameters
0,Naive,0.014115406348085346,0.01070946554787493,0.03968116430204246,0.5040268456375839,
1,Linear Regression,0.018170646737319496,0.01415071540041468,0.05105389382772231,0.5020134228187919,
2,SVM,0.03464616577292456,0.027935599663659057,0.09923128399558992,0.5046979865771812,"{'C': 1, 'kernel': 'linear'}"
3,MLP,0.03928511835785815,0.03390733091549167,0.10469748161708821,0.5093959731543625,"{'activation': 'tanh', 'hidden_layer_sizes': (100, 100, 100), 'learning_rate': 'constant', 'learning_rate_init': 0.001}"
4,LSTM,0.016627362675142796,0.012686236400282342,0.046922298309419144,0.5107382550335571,
