,model,RMSE,MAE,MAPE,DA,parameters
0,Naive,0.03357286803353481,0.02274181901363621,0.02319444525977633,0.4087248322147651,
1,Linear Regression,0.03269005812659937,0.02254814772517966,0.02276038139721376,0.4134228187919463,
2,SVM,0.11235872478890352,0.10365807788067583,0.08389045533144215,0.42953020134228187,"{'C': 1, 'kernel': 'linear'}"
3,MLP,0.07891423870175425,0.06450712874031636,0.049089003998239275,0.42818791946308726,"{'activation': 'tanh', 'hidden_layer_sizes': (500,), 'learning_rate': 'invscaling', 'learning_rate_init': 0.001}"
4,LSTM,0.045565607176351296,0.03441240239709996,0.031605422470046905,0.4147651006711409,
