,model,RMSE,MAE,MAPE,DA,parameters
0,Naive,0.022973214775554866,0.014337228698523878,0.43917629525988316,0.44966442953020136,
1,Linear Regression,0.028292041482281254,0.0170343101403582,0.4352127666258578,0.45369127516778524,
2,SVM,0.05206981408331274,0.03776786172505232,1.6892944028138221,0.4570469798657718,"{'C': 1, 'kernel': 'linear'}"
3,MLP,0.028486081038199378,0.01970034597853818,0.46371072432367383,0.44563758389261743,"{'activation': 'tanh', 'hidden_layer_sizes': (100, 100, 100), 'learning_rate': 'adaptive', 'learning_rate_init': 0.001}"
4,LSTM,0.029017485038182605,0.01780751619058244,0.41945638725895745,0.45369127516778524,
