,model,RMSE,MAE,MAPE,DA,parameters
0,Naive,0.03395128547982871,0.023002386825837336,0.023354785984061443,0.3644295302013423,
1,Linear Regression,0.04567584568529125,0.030153577221975737,0.03114791115470906,0.3651006711409396,
2,SVM,0.15643084939064852,0.14325980082793888,0.10827011319869057,0.38456375838926177,"{'C': 1, 'kernel': 'linear'}"
3,MLP,0.07762664703257631,0.06382996134623946,0.04857386976162575,0.3812080536912752,"{'activation': 'tanh', 'hidden_layer_sizes': (500,), 'learning_rate': 'invscaling', 'learning_rate_init': 0.001}"
4,LSTM,0.06261534862505733,0.04466826108721465,0.03782649263657253,0.36577181208053694,
