,model,mse,mae,mape,accuracy
0,LinearReg,0.0006117970905524266,0.01713877303170285,0.1268426189582119,0.48338028169014086
1,svr,0.026612866450924994,0.1338584554566499,1.099955204567925,0.5036619718309859
2,MLP,0.005368853270966573,0.04955459290695414,0.39133748064428686,0.5087323943661972
3,LSTM,0.003859095539962698,0.048808898055094065,0.3687903378959071,0.5177464788732394
