,model,RMSE,MAE,MAPE,DA
0,Linear Regression,2.4104037848589415,1.4638011193351148,0.37752980875609404,0.506
1,SVM,4.103603279706739,2.9843556861412512,0.6358804521149458,0.53
2,MLP,2.0192566057630126,1.3559179240929111,0.39266501489256006,0.506
3,LSTM,2.3690395911620916,1.4469690633296965,0.4573658862438361,0.5
