,model,mse,mae,mape,accuracy
0,LinearReg,1.9127955994368473,1.3253927412678415,0.12661710163304427,0.48225352112676056
1,svr,12.395748404189206,10.074473845980657,0.5521780913825934,0.5030985915492958
2,MLP,4.25334921093541,2.6295220393970817,0.1658233822264279,0.5188732394366197
3,LSTM,20.442394874329352,16.622117224556952,0.6647652597550087,0.5104225352112676
