,model,RMSE,MAE,MAPE,DA,parameters
0,Naive,0.023042280904122157,0.014381336405407764,0.12093370118537848,0.4449664429530201,
1,Linear Regression,0.031169148658485465,0.018928544247072552,0.13093429113060936,0.4476510067114094,
2,SVM,0.0530640639813437,0.038590972440153484,0.31061467139970556,0.45302013422818793,"{'C': 1, 'kernel': 'linear'}"
3,MLP,0.02611118922066384,0.01753349692289427,0.12442144592203189,0.4449664429530201,"{'activation': 'tanh', 'hidden_layer_sizes': (100, 100, 100), 'learning_rate': 'adaptive', 'learning_rate_init': 0.001}"
4,LSTM,0.030634263219447812,0.018710885693349,0.1382820453626805,0.4463087248322148,
