,model,RMSE,MAE,MAPE,DA,parameters
0,Naive,0.042955844896417225,0.03171104799974654,0.020080588922430486,0.4214765100671141,
1,Linear Regression,0.05005738392431854,0.037737144574356465,0.02408528506202789,0.4268456375838926,
2,SVM,0.20089966031992007,0.1782987226799376,0.09715049191006163,0.4395973154362416,"{'C': 1, 'kernel': 'linear'}"
3,MLP,0.09794789180868525,0.07777196578599889,0.04142412172432129,0.42751677852348996,"{'activation': 'tanh', 'hidden_layer_sizes': (1000,), 'learning_rate': 'invscaling', 'learning_rate_init': 0.001}"
4,LSTM,0.18767996118783345,0.08934766553478452,0.047987325426264986,0.4181208053691275,
