,model,RMSE,MAE,MAPE,DA,parameters
0,Naive,0.042955844896417225,0.03171104799974654,0.020080588922430486,0.4214765100671141,
1,Linear Regression,0.05005738392431854,0.037737144574356465,0.02408528506202789,0.4268456375838926,
2,SVM,0.20089966031992007,0.1782987226799376,0.09715049191006163,0.4395973154362416,"{'C': 1, 'kernel': 'linear'}"
3,MLP,0.109022020592634,0.08677089137226342,0.04579894935400054,0.43221476510067114,"{'activation': 'tanh', 'hidden_layer_sizes': (1000,), 'learning_rate': 'constant', 'learning_rate_init': 0.001}"
4,LSTM,0.11662317563900662,0.0864170473276682,0.04944936169042428,0.42953020134228187,
