,model,mse,mae,mape,accuracy
0,LinearReg,0.0013112059432485812,0.02149068427229808,0.03506327016463339,0.48619718309859156
1,svr,0.03138779285840691,0.13841359118126337,0.33090219334431775,0.5059154929577465
2,MLP,0.00198085050728196,0.026656657473157097,0.04237672303366413,0.5076056338028169
3,LSTM,0.06795705847448662,0.11830907997912822,0.08437727456192312,0.4923943661971831
