,model,mse,mae,mape,accuracy
0,LinearReg,0.0003920868403159617,0.01363488179369377,0.07672131883005218,0.49014084507042255
1,svr,0.02136537581686105,0.11227726101651428,0.8631401195205542,0.49915492957746477
2,MLP,0.002770425796018857,0.03394656601536072,0.15212991367566625,0.5014084507042254
3,LSTM,6.48262303232629,1.2951291888996308,4.642209930348153,0.47267605633802817
