,model,RMSE,MAE,MAPE,DA,parameters
0,Naive,0.02239499850677148,0.013972601963881316,0.12227587236951644,0.4697986577181208,
1,Linear Regression,0.02469922407543756,0.015018679531063048,0.1227183209380718,0.47583892617449663,
2,SVM,0.048352454942742484,0.03465706310199855,0.309833452940101,0.4798657718120805,"{'C': 1, 'kernel': 'linear'}"
3,MLP,0.026749301634626813,0.018024629291017256,0.1708959323050991,0.46375838926174495,"{'activation': 'tanh', 'hidden_layer_sizes': (100,), 'learning_rate': 'adaptive', 'learning_rate_init': 0.01}"
4,LSTM,0.027815163152276078,0.016914247212061095,0.14363043654923888,0.47181208053691276,
