,model,RMSE,MAE,MAPE,DA,parameters
0,Naive,0.02239499850677148,0.013972601963881316,0.12227587236951644,0.4697986577181208,
1,Linear Regression,0.02469922407543756,0.015018679531063048,0.1227183209380718,0.47583892617449663,
2,SVM,0.048352454942742484,0.03465706310199855,0.309833452940101,0.4798657718120805,"{'C': 1, 'kernel': 'linear'}"
3,MLP,0.04683794057924273,0.03490907332316732,0.3113976014616702,0.47248322147651006,"{'activation': 'tanh', 'hidden_layer_sizes': (100, 100, 100), 'learning_rate': 'invscaling', 'learning_rate_init': 0.01}"
4,LSTM,0.040264412079444506,0.02097749778144609,0.21371116429213022,0.47315436241610737,
