,model,mse,mae,mape,accuracy
0,LinearReg,0.0004976293239565603,0.016706674968250165,0.1239278632863257,0.48450704225352115
1,svr,0.012831991118318146,0.09550014668151126,0.8950222986317795,0.49014084507042255
2,MLP,0.0008624076521485069,0.02142248322355877,0.17738531392699558,0.4754929577464789
3,LSTM,0.012412518144007118,0.08434729412585021,0.7818924268217501,0.49070422535211267
