,model,RMSE,MAE,MAPE,DA,parameters
0,Naive,0.03356924612494372,0.022739642797681824,0.02316386375634786,0.4087248322147651,
1,Linear Regression,0.03982629802957629,0.026453504904139623,0.027298453212103953,0.4120805369127517,
2,SVM,0.13051259171533922,0.12094531861894012,0.09546114839615291,0.42953020134228187,"{'C': 1, 'kernel': 'linear'}"
3,MLP,0.06465945162852435,0.05282449301943234,0.0416742087874854,0.42348993288590603,"{'activation': 'tanh', 'hidden_layer_sizes': (1000,), 'learning_rate': 'constant', 'learning_rate_init': 0.001}"
4,LSTM,0.0439943823958051,0.02999786123039145,0.02902611875049769,0.4167785234899329,
