,model,RMSE,MAE,MAPE,DA,parameters
0,Naive,0.03356924612494372,0.022739642797681824,0.02316386375634786,0.4087248322147651,
1,Linear Regression,0.03982629802957629,0.026453504904139623,0.027298453212103953,0.4120805369127517,
2,SVM,0.13051259171533922,0.12094531861894012,0.09546114839615291,0.42953020134228187,"{'C': 1, 'kernel': 'linear'}"
3,MLP,0.09202632407947872,0.07586399298687399,0.057839933289266336,0.4214765100671141,"{'activation': 'tanh', 'hidden_layer_sizes': (500,), 'learning_rate': 'invscaling', 'learning_rate_init': 0.001}"
4,LSTM,0.2421195700558297,0.1495293387160728,0.1012251186732955,0.39664429530201345,
