,model,mse,mae,mape,accuracy
0,LinearReg,0.001056483663276173,0.0197113935901607,0.043038070077962315,0.48
1,svr,0.025874682111590393,0.13822224446479453,0.28290329151660026,0.49352112676056337
2,MLP,0.0013990275113526644,0.02410961039313714,0.05320611539648675,0.48901408450704226
3,LSTM,0.036859931781683085,0.09271672283298306,0.08439885123921759,0.5008450704225352
