,model,RMSE,MAE,MAPE,DA,parameters
0,Naive,0.1364434968860282,0.11636943161834541,0.10779198159413302,0.5222222222222223,
1,Linear Regression,0.13521392730852663,0.10186174965570208,0.09015566950518682,0.5444444444444444,
2,SVM,0.11892533625318122,0.09325318014587114,0.08465949293890944,0.5555555555555556,
3,MLP,0.44964496837795886,0.36693023441459494,0.334770802964829,0.4777777777777778,
4,LSTM,0.3317948800750829,0.27316583679839385,0.25354939657158443,0.4666666666666667,
