,model,mse,mae,mape,accuracy
0,LinearReg,0.0003408701415752564,0.013749254414259424,0.174683524439842,0.49577464788732395
1,svr,0.008707695892007306,0.07389580867082278,0.7882580607904602,0.4676056338028169
2,MLP,0.000500728529051168,0.016742925368004768,0.2001145460280264,0.47774647887323946
3,LSTM,0.02695820937111545,0.1359646194441481,1.655423973353255,0.5002816901408451
