,model,RMSE,MAE,MAPE,DA
0,Linear Regression,2.3364095013954445,1.7830173050359417,0.015750078580210075,0.592
1,SVM,4.982548561375955,4.0549821773295385,0.03614483608695675,0.56
2,MLP,5.231618218184456,4.0862778638966,0.032243204883381636,0.592
3,LSTM,55.07759993650605,41.39272978591919,0.2991114029761534,0.576
