,model,RMSE,MAE,MAPE,DA
0,Linear Regression,0.0009321562450152778,0.0002638541617293022,0.0002300831746451047,0.972
1,SVM,0.009383448200856992,0.007312483149608183,0.006337560714638194,0.746
2,MLP,0.004986207224538938,0.004545811813045453,0.0039175040167174985,0.906
3,LSTM,0.0016100383091310867,0.0013746153648798258,0.0011729445702019464,0.966
