,model,RMSE,MAE,MAPE,DA,parameters
0,Naive,0.013612704135862581,0.009831124086560889,0.009264902779414191,0.5946308724832214,
1,Linear Regression,0.008528022347175163,0.002502518969194621,0.001973533283552494,0.6228187919463087,
2,SVM,0.10266269501158021,0.09257271437953196,0.07471301579377577,0.5013422818791946,"{'C': 1, 'kernel': 'linear'}"
3,MLP,0.044076504317118216,0.035630890313358594,0.026657028975178264,0.5805369127516778,"{'activation': 'tanh', 'hidden_layer_sizes': (1000,), 'learning_rate': 'invscaling', 'learning_rate_init': 0.001}"
4,LSTM,0.06866859909251322,0.045072910704912345,0.02803213465371302,0.5966442953020135,
