,model,RMSE,MAE,MAPE,DA
0,Linear Regression,13.514692306503472,3.9658402010468836,0.0010316121398986412,0.978
1,SVM,162.69360913406823,146.70362012262055,0.03893933539124795,0.616
2,MLP,69.84976933010019,56.465672765424095,0.014396136036156344,0.852
3,LSTM,108.82184240261209,71.42882561597615,0.01668443939978249,0.9
