,model,RMSE,MAE,MAPE,DA,parameters
0,Naive,0.5280912652927162,0.4472555746140653,1.8312444047177197,0.5444444444444444,
1,Linear Regression,0.2088023484834873,0.17230198500344243,1.585939077362909,0.6777777777777778,
2,SVM,0.3453769731739746,0.2806795554800516,2.347052275441987,0.6111111111111112,"{'C': 1, 'kernel': 'rbf'}"
3,MLP,0.22290894591983598,0.17248317622532106,0.7129490839295222,0.6777777777777778,"{'activation': 'relu', 'hidden_layer_sizes': (100, 100, 100), 'learning_rate': 'constant', 'learning_rate_init': 0.01}"
4,LSTM,0.46588492938266785,0.3889695981303374,3.176157701660958,0.6111111111111112,
