,model,RMSE,MAE,MAPE,DA,parameters
0,Naive,0.042503116199715876,0.03137649616069145,0.020054667036977662,0.45503355704697984,
1,Linear Regression,0.04241292616048264,0.031285331911098904,0.01989753961685213,0.4577181208053691,
2,SVM,0.17008896182040995,0.14838612771074264,0.08205932589032959,0.47315436241610737,"{'C': 1, 'kernel': 'linear'}"
3,MLP,0.07430007743442732,0.05554905992468656,0.03165817899361463,0.4677852348993289,"{'activation': 'tanh', 'hidden_layer_sizes': (1000,), 'learning_rate': 'invscaling', 'learning_rate_init': 0.001}"
4,LSTM,0.1093641884634697,0.07758140377892346,0.04240415193054173,0.4563758389261745,
