,model,mse,mae,mape,accuracy
0,LinearReg,0.0003869977432518774,0.013991690423630323,47270946671.623634,0.49577464788732395
1,svr,0.018944734248146907,0.10048086542274931,470432362242.00824,0.5092957746478873
2,MLP,0.0021606128171666426,0.028374193605866658,3075574920.2705517,0.5047887323943662
3,LSTM,0.028954567219583477,0.130282489896778,543407731240.565,0.5030985915492958
