,model,RMSE,MAE,MAPE,DA,parameters
0,Naive,0.021953654843681305,0.013670078372375804,0.15031083333553596,0.4684563758389262,
1,Linear Regression,0.021786756790551778,0.013719690495381912,0.14525284358791085,0.47181208053691276,
2,SVM,0.04676044582755425,0.03334381454585309,0.29446618725136103,0.4771812080536913,
3,MLP,0.03197816611171926,0.020783166518557827,0.20550494214463436,0.46375838926174495,
4,LSTM,,,,0.45033557046979866,
