,model,RMSE,MAE,MAPE,DA,parameters
0,Naive,0.021992700439752905,0.013675013597359629,0.15032549948863994,0.4684563758389262,
1,Linear Regression,0.02182333755298919,0.013724617861663454,0.14526753885641167,0.47181208053691276,
2,SVM,0.0454597194406728,0.032379429376211175,0.27666042107951083,0.4778523489932886,"{'C': 1, 'kernel': 'linear'}"
3,MLP,0.02295399204218501,0.014641088099161516,0.12164776100849936,0.46308724832214765,"{'activation': 'tanh', 'hidden_layer_sizes': (100, 100, 100), 'learning_rate': 'adaptive', 'learning_rate_init': 0.001}"
4,LSTM,0.02715665300698217,0.016958595785057966,0.21666426683230441,0.4684563758389262,
