,model,RMSE,MAE,MAPE,DA,parameters
0,Naive,0.021953654843681305,0.013670078372375804,0.15031083333553596,0.4684563758389262,
1,Linear Regression,0.021786756790551778,0.013719690495381912,0.14525284358791085,0.47181208053691276,
2,SVM,0.04544492034064259,0.032377907667747084,0.276663371754397,0.4778523489932886,"{'C': 1, 'kernel': 'linear'}"
3,MLP,0.039255288074720035,0.030544095448811332,0.31676206389404454,0.4651006711409396,"{'activation': 'tanh', 'hidden_layer_sizes': (100, 100, 100), 'learning_rate': 'invscaling', 'learning_rate_init': 0.01}"
4,LSTM,0.04018460992985644,0.021114922047443103,0.3538559520114622,0.4691275167785235,
