,model,RMSE,MAE,MAPE,DA,parameters
0,Naive,0.04648495249781314,0.03432880697588402,0.020348300536789002,0.35369127516778526,
1,Linear Regression,0.06753898026711223,0.05115370799311676,0.03045533793017227,0.3597315436241611,
2,SVM,0.2571733211094034,0.23165616074531267,0.11756901622283278,0.3711409395973154,"{'C': 1, 'kernel': 'linear'}"
3,MLP,0.13199956602998314,0.10614946712830554,0.051916754164065104,0.36644295302013424,"{'activation': 'tanh', 'hidden_layer_sizes': (1000,), 'learning_rate': 'invscaling', 'learning_rate_init': 0.001}"
4,LSTM,0.6937391978813722,0.47718520172689294,0.21004335712390873,0.36778523489932885,
