,model,RMSE,MAE,MAPE,DA,parameters
0,Naive,0.02360076604245453,0.014721982156905039,0.1115445587062116,0.43221476510067114,
1,Linear Regression,0.03275080933619117,0.019796414577388812,0.12938082669003018,0.4375838926174497,
2,SVM,0.06529319409220802,0.04895781740195202,0.40711928770617123,0.44093959731543625,"{'C': 1, 'kernel': 'linear'}"
3,MLP,0.052769006606938146,0.040118760176786186,0.2772005017737784,0.4429530201342282,"{'activation': 'tanh', 'hidden_layer_sizes': (100,), 'learning_rate': 'adaptive', 'learning_rate_init': 0.01}"
4,LSTM,0.030004253403814973,0.019172062885964125,0.1463987504778905,0.4228187919463087,
