,model,RMSE,MAE,MAPE,DA,parameters
0,Naive,0.013719049144590986,0.01040035410495397,0.03726708650835295,0.5046979865771812,
1,Linear Regression,0.013790894861360066,0.010440286058761707,0.03728533553841716,0.5060402684563758,
2,SVM,0.027213730839194553,0.022481561038181497,0.07433318997001252,0.5040268456375839,"{'C': 10, 'kernel': 'linear'}"
3,MLP,0.016384122295327944,0.01284182277103528,0.045228609533004525,0.508724832214765,"{'activation': 'tanh', 'hidden_layer_sizes': (100, 100, 100), 'learning_rate': 'invscaling', 'learning_rate_init': 0.001}"
4,LSTM,0.013969551488381693,0.010603588938937022,0.03861168958120153,0.5026845637583892,
