,model,RMSE,MAE,MAPE,DA,parameters
0,Naive,0.5280912652927162,0.4472555746140653,1.8312444047177197,0.5444444444444444,
1,Linear Regression,0.2088023484834873,0.17230198500344243,1.585939077362909,0.6777777777777778,
2,SVM,0.3453769731739746,0.2806795554800516,2.347052275441987,0.6111111111111112,"{'C': 1, 'kernel': 'rbf'}"
3,MLP,0.19305899504456403,0.1474984843048511,0.5768737563281529,0.6888888888888889,"{'activation': 'relu', 'hidden_layer_sizes': (100, 100, 100), 'learning_rate': 'adaptive', 'learning_rate_init': 0.001}"
4,LSTM,0.24205369529302112,0.18746758634655844,1.3953826302205423,0.6111111111111112,
