,model,RMSE,MAE,MAPE,DA,parameters
0,Naive,0.5367954201174872,0.40345268643021404,2.199997586075499,0.45234899328859063,
1,Linear Regression,0.3610757005493609,0.2667231894719719,2.329465131331045,0.5006711409395973,
2,SVM,0.3606405798036143,0.266187093907785,2.3877308080825177,0.49463087248322146,"{'C': 0.001, 'kernel': 'linear'}"
3,MLP,0.3632659272363759,0.2681748316874737,2.4730976470860115,0.4691275167785235,"{'activation': 'logistic', 'hidden_layer_sizes': (100,), 'learning_rate': 'invscaling', 'learning_rate_init': 0.0001}"
4,LSTM,0.36028461634154985,0.26600275410997587,2.427122644280838,0.4919463087248322,
