,model,RMSE,MAE,MAPE,DA,parameters
0,Naive,0.5367954201174872,0.40345268643021404,2.199997586075499,0.45234899328859063,
1,Linear Regression,0.3610757005493609,0.2667231894719719,2.329465131331045,0.5006711409395973,
2,SVM,0.3606405798036143,0.266187093907785,2.3877308080825177,0.49463087248322146,"{'C': 0.001, 'kernel': 'linear'}"
3,MLP,0.36083783909933426,0.2663133441744853,2.383873128355458,0.49328859060402686,"{'activation': 'logistic', 'hidden_layer_sizes': (100, 100, 100), 'learning_rate': 'adaptive', 'learning_rate_init': 0.001}"
4,LSTM,0.3625341385903124,0.2678126293987552,2.3178615990723275,0.4885906040268456,
