,model,RMSE,MAE,MAPE,DA
0,Linear Regression,36.726591541496155,31.601291480207053,0.2429664267989686,0.51
1,SVM,39.68026498153883,34.20211850176724,0.2630803182042489,0.544
2,MLP,26.54560246242493,22.865972127107234,0.17711274237860322,0.526
3,LSTM,22.47428590241117,19.60489663696289,0.1582757347780707,0.538
