,model,mse,mae,mape,accuracy
0,LinearReg,0.04402747953010133,0.12286373312796148,1506045283504.3743,0.4828169014084507
1,svr,0.04273812915067832,0.12038754204099354,1477800868904.8958,0.49859154929577465
2,MLP,0.04431014617576964,0.12336396192745526,1391781360978.1885,0.49126760563380284
3,LSTM,0.043055122929023054,0.12159275198771499,1448240892450.5122,0.4952112676056338
