,model,mse,mae,mape,accuracy
0,LinearReg,13.244366824048392,11.085820465222387,0.23549582718500697,0.5019718309859155
1,svr,13.722631456844066,9.89043940346237,0.17038616623089675,0.5126760563380282
2,MLP,52.58110678146688,35.07334263030935,0.414694299919114,0.5183098591549296
3,LSTM,14.872750751901027,10.473301880865224,0.16952285192903882,0.504225352112676
