,model,RMSE,MAE,MAPE,DA,parameters
0,Naive,0.3837286703493192,0.12024114508422909,0.23855982105750262,0.4657718120805369,
1,Linear Regression,0.22511452579113597,0.08126278010842258,0.17992876524620266,0.5523489932885906,
2,SVM,0.22683577600769966,0.08313932541400544,0.1806441778068116,0.538255033557047,"{'C': 0.1, 'kernel': 'linear'}"
3,MLP,0.2316602054204106,0.08107586980815928,0.18017533566410357,0.5221476510067115,"{'activation': 'logistic', 'hidden_layer_sizes': (500,), 'learning_rate': 'invscaling', 'learning_rate_init': 0.001}"
4,LSTM,0.23259669124206206,0.08211556144583146,0.1798441598189832,0.521476510067114,
