,model,mse,mae,mape,accuracy
0,LinearReg,42.05678277659119,36.503433445392986,0.6547673561389614,0.5166197183098592
1,svr,69.86078956331757,52.15331022591745,0.9894032276608569,0.5064788732394366
2,MLP,44.334606469013295,38.27952492719751,0.6874947632691715,0.5104225352112676
3,LSTM,37.31570905788177,33.26294542741692,0.651365104388527,0.5318309859154929
