,model,RMSE,MAE,MAPE,DA,parameters
0,Naive,0.1672981068685415,0.10088002053427275,0.2322253127285453,0.4657718120805369,
1,Linear Regression,0.11342929060726918,0.07135509127070508,0.17962274502789669,0.5536912751677853,
2,SVM,0.1136736562737651,0.07239410654110663,0.17910277961908264,0.5389261744966443,"{'C': 0.1, 'kernel': 'linear'}"
3,MLP,0.11370147119672547,0.07051430246664962,0.18129641316050232,0.548993288590604,"{'activation': 'logistic', 'hidden_layer_sizes': (1000,), 'learning_rate': 'invscaling', 'learning_rate_init': 0.0001}"
4,LSTM,0.11485701634922611,0.07305018000804428,0.18041981183062217,0.5107382550335571,
