,model,mse,mae,mape,accuracy
0,LinearReg,0.01899494570323654,0.06678815594115918,0.1484926443834483,0.6011267605633803
1,svr,0.0190936566998233,0.06464242613600739,0.1427751527322323,0.5735211267605633
2,MLP,0.019516550534525827,0.06500134457237618,0.14462124229752568,0.5453521126760563
3,LSTM,0.019368554478337748,0.0635080032375476,0.14186280623050448,0.5154929577464789
