,model,RMSE,MAE,MAPE,DA
0,Linear Regression,19.457891120805414,16.934039625041464,1.525606904191214,0.536
1,SVM,31.774550762961788,25.3363974174968,1.4850911209722821,0.482
2,MLP,38.72040898101445,37.47622979156732,2.152722693470392,0.542
3,LSTM,54.09185983880151,42.775308782655,1.6897339599649073,0.496
