,model,mse,mae,mape,accuracy
0,LinearReg,0.009335760021733827,0.07100243490032819,1248423794140.6194,0.5369014084507042
1,svr,0.00885592595086685,0.06957551756279576,1229128318136.2195,0.4619718309859155
2,MLP,0.00915485587103061,0.07081126559487043,1284904354886.2566,0.5070422535211268
3,LSTM,0.009176650974610795,0.07108838666944654,1303668663716.7346,0.5391549295774648
