,model,mse,mae,mape,accuracy
0,LinearReg,0.4918500544511513,0.47273239130579797,0.41222138009260767,0.5143661971830986
1,svr,0.5206637925347392,0.4921673075405665,0.42852822288377,0.5008450704225352
2,MLP,0.3008982059332925,0.2325556754328718,0.2052506970417124,0.49295774647887325
3,LSTM,1.586119515665727,1.4348972901261285,1.2530020814793437,0.5138028169014085
