,model,RMSE,MAE,MAPE,DA
0,Linear Regression,0.14125306826758294,0.12590508000445425,0.10638689890721935,0.506
1,SVM,0.15849213431660422,0.14104412040856434,0.11930939865814509,0.498
2,MLP,0.10923734002000325,0.09760736510234062,0.08244591947443769,0.498
3,LSTM,0.05096180781777668,0.037025248765945436,0.032042025029599644,0.504
