,model,RMSE,MAE,MAPE,DA,parameters
0,Naive,0.3428834357482844,0.22112828576558696,1.0279671101028132,0.46375838926174495,
1,Linear Regression,0.21323003091313783,0.1459902876471097,0.9566773380952939,0.5187919463087248,
2,SVM,0.215348516731818,0.14657693359461682,0.9610470525688191,0.5174496644295302,
3,MLP,0.26060842498231945,0.16394302318270154,1.0419826892954513,0.5181208053691275,
4,LSTM,,,,0.5288590604026846,
