,model,mse,mae,mape,accuracy
0,LinearReg,295.10483135738144,219.63245363324822,0.07595904791211457,0.5008450704225352
1,svr,755.1484327552463,566.2666759478913,0.17753994197118356,0.5543661971830985
2,MLP,321.5973583906622,234.09363985412216,0.07749156176471682,0.5115492957746479
3,LSTM,1883.9746984266833,1413.362838199933,0.4397883345365553,0.5171830985915493
