,model,RMSE,MAE,MAPE,DA
0,Linear Regression,625.8685125683567,514.8176552721303,0.1334926707489256,0.52
1,SVM,327.16891741771536,263.30601492618047,0.0774064081502551,0.572
2,MLP,319.6592582153461,249.2804543765904,0.07503227830201317,0.572
3,LSTM,449.0264317605717,343.70779736328126,0.10628299325251615,0.572
