,model,mse,mae,mape,accuracy
0,LinearReg,0.018704727513131392,0.0875864577990644,1365372875047.563,0.5233802816901408
1,svr,0.018977585390189847,0.08481388407515646,1263724791874.3416,0.5053521126760563
2,MLP,0.01901951710869735,0.085202515363669,1279101939879.831,0.4771830985915493
3,LSTM,0.019381917296676935,0.08608113541694838,1303587755002.058,0.5154929577464789
