,model,RMSE,MAE,MAPE,DA,parameters
0,Naive,0.3428834357482844,0.22112828576558696,1.0279671101028132,0.46375838926174495,
1,Linear Regression,0.21323003091313783,0.1459902876471097,0.9566773380952939,0.5187919463087248,
2,SVM,0.21692947142964045,0.14604131582605517,0.9741371854651544,0.5194630872483221,"{'C': 0.001, 'kernel': 'rbf'}"
3,MLP,0.21696895042732117,0.14513068788423994,0.9934480921953357,0.5268456375838926,"{'activation': 'logistic', 'hidden_layer_sizes': (100, 100, 100), 'learning_rate': 'constant', 'learning_rate_init': 0.001}"
4,LSTM,0.9692295744766649,0.2413475661728413,1.4081201431927155,0.5194630872483221,
