,model,RMSE,MAE,MAPE,DA,parameters
0,Naive,0.04543673656189747,0.03356631851971956,0.02030900035664314,0.363758389261745,
1,Linear Regression,0.06596030529363393,0.05017381619408128,0.030499603067932635,0.3691275167785235,
2,SVM,0.24280286811837123,0.21777386862841555,0.11271422881323659,0.3812080536912752,"{'C': 1, 'kernel': 'linear'}"
3,MLP,0.1527705651088155,0.1234461447481812,0.06065075614001638,0.3697986577181208,"{'activation': 'tanh', 'hidden_layer_sizes': (500,), 'learning_rate': 'invscaling', 'learning_rate_init': 0.001}"
4,LSTM,0.8098664494034304,0.5736470131292395,0.2592477004153478,0.37516778523489935,
