,model,RMSE,MAE,MAPE,DA,parameters
0,Naive,0.04543673656189747,0.03356631851971956,0.02030900035664314,0.363758389261745,
1,Linear Regression,0.06596030529363393,0.05017381619408128,0.030499603067932635,0.3691275167785235,
2,SVM,0.24280286811837123,0.21777386862841555,0.11271422881323659,0.3812080536912752,"{'C': 1, 'kernel': 'linear'}"
3,MLP,0.12988059017908257,0.10310981068570925,0.052167298114694435,0.37718120805369126,"{'activation': 'tanh', 'hidden_layer_sizes': (1000,), 'learning_rate': 'constant', 'learning_rate_init': 0.001}"
4,LSTM,0.18181206131988423,0.12212195166553035,0.06160783683453756,0.3704697986577181,
