,model,RMSE,MAE,MAPE,DA,parameters
0,Naive,0.023373651983475734,0.014585798829047583,0.10980426392146776,0.4395973154362416,
1,Linear Regression,0.03176351657901896,0.019214287936204295,0.12444239657094167,0.4442953020134228,
2,SVM,0.059698889048096684,0.04425085549101152,0.3509273025245968,0.4476510067114094,"{'C': 1, 'kernel': 'linear'}"
3,MLP,0.02717968968263255,0.018446846741869357,0.13546959097204533,0.4302013422818792,"{'activation': 'tanh', 'hidden_layer_sizes': (100, 100, 100), 'learning_rate': 'adaptive', 'learning_rate_init': 0.001}"
4,LSTM,0.03036454897718905,0.020102239483033545,0.14885509903568944,0.42818791946308726,
