,model,RMSE,MAE,MAPE,DA,parameters
0,Naive,0.023373651983475734,0.014585798829047583,0.10980426392146776,0.4395973154362416,
1,Linear Regression,0.03176351657901896,0.019214287936204295,0.12444239657094167,0.4442953020134228,
2,SVM,0.059698889048096684,0.04425085549101152,0.3509273025245968,0.4476510067114094,"{'C': 1, 'kernel': 'linear'}"
3,MLP,0.02842844897182988,0.01922406444638579,0.14311501133158303,0.43288590604026844,"{'activation': 'tanh', 'hidden_layer_sizes': (100, 100, 100), 'learning_rate': 'invscaling', 'learning_rate_init': 0.001}"
4,LSTM,0.029173992571207646,0.0192094873404994,0.13205957719518777,0.43288590604026844,
