,model,RMSE,MAE,MAPE,DA,parameters
0,Naive,0.014216056184828244,0.010789193249727857,0.041135592388069186,0.5174496644295302,
1,Linear Regression,0.018657347264551705,0.014483678536005603,0.05394523718578095,0.5154362416107383,
2,SVM,0.03294863313863222,0.02535584005172997,0.11320877244257625,0.5174496644295302,"{'C': 1, 'kernel': 'linear'}"
3,MLP,0.04355220124789221,0.04058064896915488,0.14139076056835062,0.5288590604026846,"{'activation': 'tanh', 'hidden_layer_sizes': (100, 100, 100), 'learning_rate': 'invscaling', 'learning_rate_init': 0.001}"
4,LSTM,0.019186514910519367,0.015233938507411776,0.05827399141406639,0.5241610738255034,
