,model,RMSE,MAE,MAPE,DA,parameters
0,Naive,0.014216056184828244,0.010789193249727857,0.041135592388069186,0.5174496644295302,
1,Linear Regression,0.018657347264551705,0.014483678536005603,0.05394523718578095,0.5154362416107383,
2,SVM,0.03294863313863222,0.02535584005172997,0.11320877244257625,0.5174496644295302,"{'C': 1, 'kernel': 'linear'}"
3,MLP,0.022390479771983388,0.01786833405488273,0.06658850463390181,0.521476510067114,"{'activation': 'tanh', 'hidden_layer_sizes': (100, 100, 100), 'learning_rate': 'constant', 'learning_rate_init': 0.01}"
4,LSTM,0.018076079113008854,0.013967854331503509,0.053555831222268785,0.5234899328859061,
