,model,RMSE,MAE,MAPE,DA,parameters
0,Naive,0.0345785228369594,0.02343926838543607,0.02365392577606091,0.3503355704697987,
1,Linear Regression,0.05161819046340306,0.03409556045557339,0.03484196995262062,0.35369127516778526,
2,SVM,0.17200791109155436,0.15655950896559825,0.11549487141787922,0.36845637583892615,"{'C': 1, 'kernel': 'linear'}"
3,MLP,0.0680870713775293,0.05483002702651653,0.04676464655673346,0.3718120805369127,"{'activation': 'tanh', 'hidden_layer_sizes': (1000,), 'learning_rate': 'constant', 'learning_rate_init': 0.001}"
4,LSTM,0.2983885593948506,0.1936003253405269,0.11989717923587868,0.36577181208053694,
