,model,mse,mae,mape,accuracy
0,LinearReg,4.559650792865161e-06,0.0014581195672743708,0.003052736146289968,0.8394366197183099
1,svr,0.02233856167927827,0.1281552205745655,0.2748156749178497,0.6461971830985915
2,MLP,0.000462505410551185,0.013154662069237984,0.023894539460396495,0.8225352112676056
3,LSTM,0.011980148287833345,0.06492129178231698,0.06227493365510365,0.8180281690140845
