,model,RMSE,MAE,MAPE,DA,parameters
0,Naive,0.04305532668860471,0.03178597950448699,0.020118885294401402,0.41073825503355704,
1,Linear Regression,0.04390186793067906,0.032584900320913476,0.020536320338298376,0.4147651006711409,
2,SVM,0.19166709486674377,0.16927354404205364,0.09228611968054362,0.42885906040268457,"{'C': 1, 'kernel': 'linear'}"
3,MLP,0.08388230481406686,0.06501982680594136,0.03518878062573221,0.4167785234899329,"{'activation': 'tanh', 'hidden_layer_sizes': (1000,), 'learning_rate': 'invscaling', 'learning_rate_init': 0.001}"
4,LSTM,0.08468742445845542,0.05544812300579339,0.03223582523361716,0.41946308724832215,
