,model,RMSE,MAE,MAPE,DA,parameters
0,Naive,0.013863980225659055,0.010503918300262939,0.03815186664407193,0.508724832214765,
1,Linear Regression,0.013899148040707932,0.010530710870529704,0.03824265154968425,0.5093959731543625,
2,SVM,0.028871154530564054,0.023986370007515412,0.0789759688879943,0.5067114093959731,"{'C': 10, 'kernel': 'linear'}"
3,MLP,0.019688562331421574,0.015891306724639474,0.05563743742646211,0.5120805369127517,"{'activation': 'tanh', 'hidden_layer_sizes': (1000,), 'learning_rate': 'invscaling', 'learning_rate_init': 0.001}"
4,LSTM,0.014168367055514133,0.01080182900494448,0.03941852336340493,0.512751677852349,
