,model,mse,mae,mape,accuracy
0,LinearReg,0.0007071808758387624,0.018088154217386264,0.12537360317399035,0.48788732394366197
1,svr,0.02843962457266584,0.14014886150790468,1.3268122796158033,0.49802816901408453
2,MLP,0.0036856429255370713,0.037251990361167706,0.2685201472205656,0.5070422535211268
3,LSTM,0.07648420773732324,0.2339074697772861,1.9239870699611519,0.48788732394366197
