,model,RMSE,MAE,MAPE,DA,parameters
0,Naive,0.0345785228369594,0.02343926838543607,0.02365392577606091,0.3503355704697987,
1,Linear Regression,0.05161819046340306,0.03409556045557339,0.03484196995262062,0.35369127516778526,
2,SVM,0.17200791109155436,0.15655950896559825,0.11549487141787922,0.36845637583892615,"{'C': 1, 'kernel': 'linear'}"
3,MLP,0.10062395064249789,0.0831717851908607,0.06253184087937994,0.36308724832214767,"{'activation': 'tanh', 'hidden_layer_sizes': (500,), 'learning_rate': 'adaptive', 'learning_rate_init': 0.001}"
4,LSTM,0.1567717859917824,0.09944537058973717,0.0676092869353816,0.3711409395973154,
