,model,RMSE,MAE,MAPE,DA,parameters
0,Naive,0.16203199217958184,0.1376211793970086,0.12107569734192634,0.5411764705882353,
1,Linear Regression,0.19421470822571923,0.1592698661969266,0.1396723162667484,0.5294117647058824,
2,SVM,0.17200544483013555,0.139682926841764,0.12049118607639238,0.5647058823529412,
3,MLP,0.16165780269481816,0.13515046837415065,0.12049249777782384,0.5647058823529412,
4,LSTM,0.7481959722105396,0.6419173480151856,0.5584556724457629,0.5529411764705883,
