,model,RMSE,MAE,MAPE,DA,parameters
0,Naive,0.04264175273062139,0.031479713859626356,0.020064807534992846,0.45234899328859063,
1,Linear Regression,0.04267310505714077,0.03148662563187475,0.019975976699774377,0.4557046979865772,
2,SVM,0.17756292409768346,0.15560460001227316,0.08563324598476163,0.4704697986577181,"{'C': 1, 'kernel': 'linear'}"
3,MLP,0.10194091049323067,0.08105400539813058,0.04323617520157726,0.46174496644295304,"{'activation': 'tanh', 'hidden_layer_sizes': (1000,), 'learning_rate': 'adaptive', 'learning_rate_init': 0.001}"
4,LSTM,0.12528808947717798,0.08724390465759706,0.04841725707771479,0.45436241610738254,
