,model,RMSE,MAE,MAPE,DA,parameters
0,Naive,0.04192664477169423,0.029272008127315074,0.019905016093845342,0.4449664429530201,
1,Linear Regression,5.811087817999093,4.163131878332016,3.002908407326999,0.44966442953020136,
2,SVM,0.15892550442147696,0.14081173651771048,0.08159121547518808,0.45838926174496647,"{'C': 1, 'kernel': 'linear'}"
3,MLP,0.16197761949402076,0.13315619924478458,0.07302622299317378,0.45503355704697984,"{'activation': 'tanh', 'hidden_layer_sizes': (500,), 'learning_rate': 'constant', 'learning_rate_init': 0.001}"
4,LSTM,0.4163249547142285,0.2827820981495459,0.15827245678806565,0.44228187919463086,
