,model,RMSE,MAE,MAPE,DA,parameters
0,Naive,0.024565886090753566,0.014567860290724866,0.1599539119072745,0.4610738255033557,
1,Linear Regression,4.840802058097271,2.9132137625871137,35.02678726079589,0.4463087248322148,
2,SVM,0.05190926464534477,0.03979900931297393,0.3980170932047742,0.4671140939597315,"{'C': 1, 'kernel': 'linear'}"
3,MLP,0.02864804713100386,0.018011502711954123,0.1675979382332732,0.45234899328859063,"{'activation': 'tanh', 'hidden_layer_sizes': (100, 100, 100), 'learning_rate': 'constant', 'learning_rate_init': 0.001}"
4,LSTM,0.04169418568190113,0.024845186300430828,0.22387710187915524,0.4684563758389262,
