,model,RMSE,MAE,MAPE,DA,parameters
0,Naive,0.02275828204493618,0.014171102779474264,0.923877210133998,0.47248322147651006,
1,Linear Regression,0.04405958181923837,0.027855129966870586,0.9792381245406448,0.47449664429530203,
2,SVM,0.04678122120605477,0.03352907236759356,0.8476373617075876,0.4825503355704698,"{'C': 1, 'kernel': 'linear'}"
3,MLP,0.03622350951578625,0.025227197529566148,1.967026159250505,0.47583892617449663,"{'activation': 'tanh', 'hidden_layer_sizes': (100, 100, 100), 'learning_rate': 'invscaling', 'learning_rate_init': 0.001}"
4,LSTM,0.03270485902388895,0.0204938821717519,1.9181182219524056,0.46375838926174495,
