,model,mse,mae,mape,accuracy
0,LinearReg,0.0006662242776896091,0.018176195130376254,0.19912433182798198,0.48338028169014086
1,svr,0.02083317013106118,0.10494800945190941,3.093983077200291,0.5019718309859155
2,MLP,0.0019460801328431588,0.029452865483071636,0.7373015853703354,0.49633802816901407
3,LSTM,0.04842893341491779,0.17592563251024487,3.1785187771691885,0.49408450704225354
