,model,RMSE,MAE,MAPE,DA,parameters
0,Naive,0.020080767202508953,0.010945514680887083,0.042443065692546744,0.5020134228187919,
1,Linear Regression,3.8054425963802423,2.0919349470536583,8.146611077640818,0.5006711409395973,
2,SVM,0.029312054239509663,0.02216326366772679,0.09277248574818239,0.5033557046979866,"{'C': 0.1, 'kernel': 'linear'}"
3,MLP,0.024966383030775453,0.01411030765192546,0.057368207833935383,0.5093959731543625,"{'activation': 'tanh', 'hidden_layer_sizes': (100, 100, 100), 'learning_rate': 'invscaling', 'learning_rate_init': 0.001}"
4,LSTM,0.032162481726159535,0.02151018436319238,0.07969610170383377,0.5006711409395973,
