,model,RMSE,MAE,MAPE,DA,parameters
0,Naive,0.013796198395296742,0.010458840631083809,0.038323100493157077,0.47583892617449663,
1,Linear Regression,0.02253733115100103,0.017384213968483754,0.06279623431382393,0.4738255033557047,
2,SVM,0.032896214274345574,0.02628314772128048,0.09791384525553733,0.47449664429530203,"{'C': 1, 'kernel': 'linear'}"
3,MLP,0.02132532003719748,0.01664919598692919,0.060543239287993086,0.47516778523489933,"{'activation': 'tanh', 'hidden_layer_sizes': (100, 100, 100), 'learning_rate': 'constant', 'learning_rate_init': 0.001}"
4,LSTM,0.018721636403896534,0.014136825104414356,0.053138670024263764,0.4798657718120805,
