,model,RMSE,MAE,MAPE,DA,parameters
0,Naive,0.03117655766379405,0.021121649036580144,0.021895322211509735,0.42818791946308726,
1,Linear Regression,0.041872941847162046,0.02821149100167847,0.02898474687079723,0.4348993288590604,
2,SVM,0.10097893688355537,0.09049497225580772,0.0742376685720894,0.4463087248322148,"{'C': 1, 'kernel': 'linear'}"
3,MLP,0.04903972176650359,0.04102608586441457,0.03572979597948155,0.4449664429530201,"{'activation': 'tanh', 'hidden_layer_sizes': (1000,), 'learning_rate': 'adaptive', 'learning_rate_init': 0.001}"
4,LSTM,0.04193065044776988,0.03203094782771474,0.028634772479783053,0.4449664429530201,
