,model,mse,mae,mape,accuracy
0,LinearReg,0.001787207644158174,0.022185488364735186,0.04185087410384686,0.4687323943661972
1,svr,0.017672001329886285,0.1121627293225821,0.22762783701356334,0.49126760563380284
2,MLP,0.0008807079243773609,0.01895100633900261,0.034368842836658434,0.49408450704225354
3,LSTM,0.013168479553419231,0.06643528606746425,0.07018684084453468,0.48732394366197185
