,model,RMSE,MAE,MAPE,DA,parameters
0,Naive,0.03479707095181188,0.021258994502964337,0.02252323964980779,0.41140939597315435,
1,Linear Regression,8.046586935759148,4.802668268881609,5.533377149365483,0.41073825503355704,
2,SVM,0.1512564177326468,0.13492137059544224,0.1024295920853718,0.4302013422818792,"{'C': 1, 'kernel': 'linear'}"
3,MLP,0.09667465066815804,0.07801365636566095,0.0588828910404024,0.42751677852348996,"{'activation': 'tanh', 'hidden_layer_sizes': (500,), 'learning_rate': 'constant', 'learning_rate_init': 0.001}"
4,LSTM,0.0804170799724999,0.057049812936000595,0.04706222166717029,0.41879194630872485,
