,model,RMSE,MAE,MAPE,DA
0,Linear Regression,26.353975380087114,23.10131673685269,0.18285216969184126,0.532
1,SVM,48.287141565381084,41.43442716990439,0.3159868427942775,0.554
2,MLP,13.168938920632682,10.837040044664036,0.09420846920873109,0.504
3,LSTM,11.103607457809145,8.885045822143555,0.08352116623060298,0.538
