,model,mse,mae,mape,accuracy
0,LinearReg,0.010140941679895037,0.07036492934763154,1459514127594.299,0.48619718309859156
1,svr,0.009982295816713175,0.0687445176392083,1443034130193.6973,0.4574647887323944
2,MLP,0.010124159235499575,0.0694939344519706,1378469901540.9297,0.4602816901408451
3,LSTM,0.010729941283018596,0.073340638541364,1399963494036.7583,0.5014084507042254
