,model,mse,mae,mape,accuracy
0,LinearReg,51.168946297733136,40.064201444978856,0.6476527912576782,0.49802816901408453
1,svr,17.955306447905183,13.64250593363883,0.2604145093830519,0.49577464788732395
2,MLP,51.372932254395536,31.411819230178192,0.33971804417143503,0.5109859154929578
3,LSTM,43.48947343956364,30.902331507925542,0.6007035351233282,0.4952112676056338
