,model,RMSE,MAE,MAPE,DA,parameters
0,Naive,0.20068508850011477,0.13769529804890784,0.4165393046794889,0.4395973154362416,
1,Linear Regression,0.1272425274836353,0.0887080603756503,0.3869351072652647,0.49798657718120803,
2,SVM,0.1290687387553071,0.08914862899417407,0.4004163910125542,0.487248322147651,"{'C': 0.001, 'kernel': 'linear'}"
3,MLP,0.12828826934453158,0.08873214862045156,0.39434975719196974,0.49328859060402686,"{'activation': 'logistic', 'hidden_layer_sizes': (1000,), 'learning_rate': 'invscaling', 'learning_rate_init': 0.0001}"
4,LSTM,0.12952957301511697,0.08956458255106407,0.3987598338189873,0.49395973154362416,
