,model,RMSE,MAE,MAPE,DA,parameters
0,Naive,0.20068508850011477,0.13769529804890784,0.4165393046794889,0.4395973154362416,
1,Linear Regression,0.1272425274836353,0.0887080603756503,0.3869351072652647,0.49798657718120803,
2,SVM,0.1290687387553071,0.08914862899417407,0.4004163910125542,0.487248322147651,"{'C': 0.001, 'kernel': 'linear'}"
3,MLP,0.13806022888571673,0.09596803333866828,0.3878441752263211,0.4818791946308725,
4,LSTM,0.12885166760142303,0.08892973891055493,0.4063687083588265,0.5033557046979866,
