,model,mse,mae,mape,accuracy
0,LinearReg,29.52076383270065,23.279281984118928,0.692135848253877,0.52
1,svr,42.49735022836547,39.27055842051163,0.7573110719677535,0.5104225352112676
2,MLP,136668.44337650965,29977.88132718408,404.0427605996073,0.52
3,LSTM,1232.2039364100792,563.2367267570919,13.672415590712992,0.7419718309859155
