,model,RMSE,MAE,MAPE,DA,parameters
0,Naive,2.1814027480360596,0.29355965102468506,1.1125328073050083,0.4697986577181208,
1,Linear Regression,1.2408218433471856,0.18609613981102718,1.0197491089220212,0.5449664429530201,
2,SVM,1.2797838623758422,0.1806880086358513,1.0553975415165162,0.536241610738255,"{'C': 0.001, 'kernel': 'linear'}"
3,MLP,1.2507369680017788,0.1826053778553507,1.0601877256909853,0.5422818791946309,"{'activation': 'logistic', 'hidden_layer_sizes': (1000,), 'learning_rate': 'adaptive', 'learning_rate_init': 0.0001}"
4,LSTM,1.2827658424133748,0.18301947393592705,1.0362466624039268,0.5194630872483221,
