,model,mse,mae,mape,accuracy
0,LinearReg,0.4416651437443384,0.11182688827507696,0.47089081280699496,0.5971830985915493
1,svr,0.45042911212615394,0.1065263474213094,0.4498478482498097,0.5678873239436619
2,MLP,0.4981433418659039,0.12877336314320098,0.44190298251960536,0.5290140845070422
3,LSTM,0.5066306797127635,0.08868579116411768,0.46162818986620385,0.7650704225352113
