,model,RMSE,MAE,MAPE,DA,parameters
0,Naive,2.1814027480360596,0.29355965102468506,1.1125328073050083,0.4697986577181208,
1,Linear Regression,1.2408218433471856,0.18609613981102718,1.0197491089220212,0.5449664429530201,
2,SVM,1.2381668607235956,0.1889762703794563,1.0602445727925482,0.5463087248322148,
3,MLP,2.6853944448203952,0.4684889646698136,1.5539579961492267,0.521476510067114,
4,LSTM,3.4997824021384782,0.37856453624634095,1.6719725811320842,0.5281879194630873,
