,model,RMSE,MAE,MAPE,DA
0,Linear Regression,19.918009192865544,17.202423812174448,1.6149432248012372,0.526
1,SVM,26.257190384758434,21.529298544133965,1.4641811325734926,0.5
2,MLP,2.653072760259098e+19,2.2710783671217656e+19,3.9018431525128544e+17,0.56
3,LSTM,69528340327.31021,63401609616.559555,1211312058.2976456,0.548
