,model,mse,mae,mape,accuracy
0,LinearReg,0.008807237338316667,0.06864197322075465,1223426192157.9636,0.532394366197183
1,svr,0.008355507326766997,0.06722629047610973,1207282220524.5222,0.47098591549295776
2,MLP,0.011471283361110507,0.07855356458675977,1422698004634.811,0.5025352112676056
3,LSTM,0.008517202239728749,0.0683360514783159,1237035573206.6284,0.5746478873239437
