,model,RMSE,MAE,MAPE,DA,parameters
0,Naive,0.10754856055451957,0.08370364390768809,0.20100366384181967,0.4302013422818792,
1,Linear Regression,0.07869582205589654,0.05928095515317116,0.15001187179050238,0.538255033557047,
2,SVM,0.07846000859538964,0.05908678861211021,0.1492991000695617,0.487248322147651,"{'C': 0.001, 'kernel': 'sigmoid'}"
3,MLP,0.08033988272805175,0.06043599330045491,0.15338533267896354,0.47181208053691276,
4,LSTM,0.07876889157751096,0.059419887556865884,0.14895926831930503,0.5167785234899329,
