,model,mse,mae,mape,accuracy
0,LinearReg,0.3704570917844305,0.3558476798125586,0.3100712705451411,0.516056338028169
1,svr,0.3614797453454813,0.3420939329532006,0.29758079215541866,0.5008450704225352
2,MLP,0.2322346286991759,0.1822105301573565,0.16081981217106045,0.49746478873239436
3,LSTM,0.20607817470856332,0.17014472299776653,0.14849885565098972,0.5008450704225352
