,model,RMSE,MAE,MAPE,DA
0,Linear Regression,0.13328010196913576,0.11890202524861083,0.1004472905467934,0.508
1,SVM,0.14045497589058892,0.12526229703214942,0.10590018706606978,0.498
2,MLP,0.05477638575542995,0.0386103182882622,0.03333950975104555,0.476
3,LSTM,0.19099461783545657,0.17017401695251466,0.1440629254073197,0.498
