,model,RMSE,MAE,MAPE,DA,parameters
0,Naive,0.29759289366330843,0.16856062523095053,0.5422240157466109,0.46174496644295304,
1,Linear Regression,0.18091140702770053,0.10953849318984271,0.40488261510476775,0.5228187919463088,
2,SVM,0.1835402438172414,0.10961175902080379,0.40266019754413607,0.5295302013422819,"{'C': 0.001, 'kernel': 'rbf'}"
3,MLP,0.2587717407477264,0.13313386083303524,0.6450186390177556,0.5228187919463088,
4,LSTM,0.1848688687584299,0.10941855191950427,0.4284746358820714,0.5194630872483221,
