,model,RMSE,MAE,MAPE,DA
0,Linear Regression,518.7579496886249,433.51397746199353,0.11645290983315999,0.512
1,SVM,354.8185358048685,271.3299397121342,0.08407349419743995,0.572
2,MLP,13818.114727751194,13041.960590089206,3.5483380870588768,0.456
3,LSTM,2444.3903294347865,2277.6765258789064,0.5930929775184627,0.572
