,model,RMSE,MAE,MAPE,DA,parameters
0,Naive,0.29759289366330843,0.16856062523095053,0.5422240157466109,0.46174496644295304,
1,Linear Regression,0.18091140702770053,0.10953849318984271,0.40488261510476775,0.5228187919463088,
2,SVM,0.1835402438172414,0.10961175902080379,0.40266019754413607,0.5295302013422819,"{'C': 0.001, 'kernel': 'rbf'}"
3,MLP,0.18353774660338637,0.10997378231122334,0.39970421545594564,0.5208053691275167,"{'activation': 'logistic', 'hidden_layer_sizes': (100, 100, 100), 'learning_rate': 'invscaling', 'learning_rate_init': 0.001}"
4,LSTM,0.18472928034699065,0.11196859152379059,0.4155682118396207,0.5261744966442953,
