,model,mse,mae,mape,accuracy
0,LinearReg,322.3956386078876,260.1964999974584,0.09959869562830545,0.5070422535211268
1,svr,2498.3499807457256,1792.397914387214,0.5412602686161818,0.5470422535211268
2,MLP,2339.996333662378,1641.8872537200023,0.5081838297088886,0.4771830985915493
3,LSTM,1113.2059994390038,689.3222531278017,0.2212872035978224,0.5053521126760563
