,model,mse,mae,mape,accuracy
0,LinearReg,0.015329985547918654,0.07935716381090423,1284977483681.6248,0.5211267605633803
1,svr,0.015891050293861016,0.07719159032076424,1194012467216.2905,0.516056338028169
2,MLP,0.016105691167823007,0.07858230623446748,1206494451168.4644,0.543661971830986
3,LSTM,0.016325517821643293,0.08016072496825963,1177946728860.174,0.5211267605633803
