,model,RMSE,MAE,MAPE,DA,parameters
0,Naive,0.022646758401872254,0.014107332613734222,0.1282146517533659,0.4476510067114094,
1,Linear Regression,0.022920175864451605,0.01441352044812517,0.1302910733099413,0.45369127516778524,
2,SVM,0.05047022442042176,0.03656938392942933,0.4020131282046948,0.4590604026845638,"{'C': 1, 'kernel': 'linear'}"
3,MLP,0.025075595278404444,0.016499262507561688,0.12256944598515687,0.44563758389261743,"{'activation': 'tanh', 'hidden_layer_sizes': (100, 100, 100), 'learning_rate': 'constant', 'learning_rate_init': 0.001}"
4,LSTM,0.02656453181289129,0.017054890974467305,0.15770852314936137,0.44966442953020136,
