,model,RMSE,MAE,MAPE,DA,parameters
0,Naive,0.03531932137165552,0.023950632781757946,0.024034497746167793,0.3194630872483222,
1,Linear Regression,0.03503003881202789,0.02405124316716463,0.024013681348315448,0.3268456375838926,
2,SVM,0.16077508545299,0.14916764120514495,0.11219622673006939,0.338255033557047,"{'C': 1, 'kernel': 'linear'}"
3,MLP,0.07569709875225972,0.06150555973631262,0.05095819225158165,0.34429530201342284,"{'activation': 'tanh', 'hidden_layer_sizes': (1000,), 'learning_rate': 'constant', 'learning_rate_init': 0.001}"
4,LSTM,0.7362729980833171,0.5127208422021813,0.29881032939133023,0.3208053691275168,
