,model,RMSE,MAE,MAPE,DA,parameters
0,Naive,0.02197666672799156,0.013684863782158276,0.13432724147484162,0.4684563758389262,
1,Linear Regression,0.021814155443085338,0.013735133123221483,0.1310018280976642,0.47181208053691276,
2,SVM,0.045646647692129956,0.03252847014912007,0.27347416730526214,0.4778523489932886,"{'C': 1, 'kernel': 'linear'}"
3,MLP,0.023102566934227114,0.014582980660322802,0.1184352899473386,0.4664429530201342,"{'activation': 'tanh', 'hidden_layer_sizes': (100, 100, 100), 'learning_rate': 'invscaling', 'learning_rate_init': 0.001}"
4,LSTM,0.03287316472457997,0.021720680712546018,0.15136667150324537,0.4610738255033557,
