,model,RMSE,MAE,MAPE,DA,parameters
0,Naive,0.03338502883560818,0.022623847593945142,0.023067712898970437,0.4134228187919463,
1,Linear Regression,0.03297586635587896,0.022634397323742474,0.022962535030009463,0.41946308724832215,
2,SVM,0.12657081063341968,0.11718120935893998,0.09311908778029984,0.43288590604026844,"{'C': 1, 'kernel': 'linear'}"
3,MLP,0.05871901067362244,0.047537378306558555,0.040049380116770686,0.4348993288590604,"{'activation': 'tanh', 'hidden_layer_sizes': (1000,), 'learning_rate': 'constant', 'learning_rate_init': 0.001}"
4,LSTM,0.03999306069667097,0.027919324429088184,0.026991502633191822,0.4174496644295302,
